"X","Y","H(X)","H(Y)","H(XY)","H(X|Y)","H(Y|X)","I(X;Y)","p"
"..\P0=0.5.LEN=1MB.OUTPUT.dat","..\p=0.5.P0=0.5.LEN=1MB.Channel_OUTPUT.dat","0.9999787134580429","0.9999806172542656","1.994285092794241","0.9943044755399754","0.994306379336198","0.005674237918067537","0.4999122619628906"
